{"v":"5.2.1","fr":29.9700012207031,"ip":0,"op":90.0000036657751,"w":1242,"h":2208,"nm":"anim.","ddd":0,"assets":[{"id":"image_0","w":174,"h":214,"u":"images/","p":"img_0.png","e":0},{"id":"image_1","w":320,"h":482,"u":"images/","p":"img_1.png","e":0},{"id":"image_2","w":373,"h":85,"u":"images/","p":"img_2.png","e":0},{"id":"image_3","w":656,"h":475,"u":"images/","p":"img_3.png","e":0},{"id":"image_4","w":656,"h":481,"u":"images/","p":"img_4.png","e":0},{"id":"image_5","w":49,"h":15,"u":"images/","p":"img_5.png","e":0},{"id":"image_6","w":49,"h":15,"u":"images/","p":"img_6.png","e":0},{"id":"image_7","w":49,"h":15,"u":"images/","p":"img_7.png","e":0},{"id":"image_8","w":1308,"h":2221,"u":"images/","p":"img_8.png","e":0},{"id":"comp_0","layers":[{"ddd":0,"ind":1,"ty":4,"nm":"Shape Layer 1","sr":1,"ks":{"o":{"a":0,"k":100,"ix":11},"r":{"a":0,"k":0,"ix":10},"p":{"a":0,"k":[621,1104,0],"ix":2},"a":{"a":0,"k":[0,0,0],"ix":1},"s":{"a":0,"k":[100,100,100],"ix":6}},"ao":0,"shapes":[],"ip":0,"op":90.0000036657751,"st":0,"bm":0},{"ddd":0,"ind":2,"ty":2,"nm":"point03","refId":"image_5","sr":1,"ks":{"o":{"a":1,"k":[{"i":{"x":[0.833],"y":[0.833]},"o":{"x":[0.167],"y":[0.167]},"n":["0p833_0p833_0p167_0p167"],"t":30,"s":[0],"e":[0]},{"i":{"x":[0.833],"y":[0.833]},"o":{"x":[0.167],"y":[0.167]},"n":["0p833_0p833_0p167_0p167"],"t":70,"s":[0],"e":[100]},{"t":77.0000031362743}],"ix":11},"r":{"a":0,"k":0,"ix":10},"p":{"a":0,"k":[993.202,2091.301,0],"ix":2},"a":{"a":0,"k":[24.174,7.157,0],"ix":1},"s":{"a":1,"k":[{"i":{"x":[0.833,0.833,0.833],"y":[0.833,0.833,0.833]},"o":{"x":[0.167,0.167,0.167],"y":[0.167,0.167,0.167]},"n":["0p833_0p833_0p167_0p167","0p833_0p833_0p167_0p167","0p833_0p833_0p167_0p167"],"t":70,"s":[0,0,100],"e":[100,100,100]},{"t":77.0000031362743}],"ix":6}},"ao":0,"ip":0,"op":90.0000036657751,"st":0,"bm":0},{"ddd":0,"ind":3,"ty":2,"nm":"point02","refId":"image_6","sr":1,"ks":{"o":{"a":1,"k":[{"i":{"x":[0.833],"y":[0.833]},"o":{"x":[0.167],"y":[0.167]},"n":["0p833_0p833_0p167_0p167"],"t":30,"s":[0],"e":[0]},{"i":{"x":[0.833],"y":[0.833]},"o":{"x":[0.167],"y":[0.167]},"n":["0p833_0p833_0p167_0p167"],"t":49,"s":[0],"e":[100]},{"t":53.0000021587343}],"ix":11},"r":{"a":0,"k":0,"ix":10},"p":{"a":0,"k":[757.201,1972.942,0],"ix":2},"a":{"a":0,"k":[24.174,7.156,0],"ix":1},"s":{"a":1,"k":[{"i":{"x":[0.833,0.833,0.833],"y":[0.833,0.833,0.833]},"o":{"x":[0.167,0.167,0.167],"y":[0.167,0.167,0.167]},"n":["0p833_0p833_0p167_0p167","0p833_0p833_0p167_0p167","0p833_0p833_0p167_0p167"],"t":49,"s":[0,0,100],"e":[100,100,100]},{"t":58.0000023623884}],"ix":6}},"ao":0,"ip":0,"op":90.0000036657751,"st":0,"bm":0},{"ddd":0,"ind":4,"ty":2,"nm":"point01","refId":"image_7","sr":1,"ks":{"o":{"a":1,"k":[{"i":{"x":[0.833],"y":[0.833]},"o":{"x":[0.167],"y":[0.167]},"n":["0p833_0p833_0p167_0p167"],"t":24,"s":[0],"e":[100]},{"t":31.0000012626559}],"ix":11},"r":{"a":0,"k":0,"ix":10},"p":{"a":0,"k":[195.632,2059.204,0],"ix":2},"a":{"a":0,"k":[24.173,7.157,0],"ix":1},"s":{"a":1,"k":[{"i":{"x":[0.833,0.833,0.833],"y":[0.833,0.833,0.833]},"o":{"x":[0.167,0.167,0.167],"y":[0.167,0.167,0.167]},"n":["0p833_0p833_0p167_0p167","0p833_0p833_0p167_0p167","0p833_0p833_0p167_0p167"],"t":24,"s":[0,0,100],"e":[100,100,100]},{"t":31.0000012626559}],"ix":6}},"ao":0,"ip":0,"op":90.0000036657751,"st":0,"bm":0},{"ddd":0,"ind":5,"ty":4,"nm":"line03","sr":1,"ks":{"o":{"a":0,"k":100,"ix":11},"r":{"a":0,"k":0,"ix":10},"p":{"a":0,"k":[621,1104,0],"ix":2},"a":{"a":0,"k":[0,0,0],"ix":1},"s":{"a":0,"k":[100,100,100],"ix":6}},"ao":0,"shapes":[{"ty":"gr","it":[{"ind":0,"ty":"sh","ix":1,"ks":{"a":0,"k":{"i":[[0,0],[-77,-34],[0,0]],"o":[[0,0],[85,36],[0,0]],"v":[[138,864],[281,814],[372,984]],"c":false},"ix":2},"nm":"Path 1","mn":"ADBE Vector Shape - Group","hd":false},{"ty":"st","c":{"a":0,"k":[1,1,1,1],"ix":3},"o":{"a":0,"k":100,"ix":4},"w":{"a":0,"k":15,"ix":5},"lc":1,"lj":1,"ml":4,"ml2":{"a":0,"k":4,"ix":8},"nm":"Stroke 1","mn":"ADBE Vector Graphic - Stroke","hd":false},{"ty":"fl","c":{"a":0,"k":[1,0,0,1],"ix":4},"o":{"a":0,"k":0,"ix":5},"r":1,"nm":"Fill 1","mn":"ADBE Vector Graphic - Fill","hd":false},{"ty":"tr","p":{"a":0,"k":[0,0],"ix":2},"a":{"a":0,"k":[0,0],"ix":1},"s":{"a":0,"k":[100,100],"ix":3},"r":{"a":0,"k":0,"ix":6},"o":{"a":0,"k":100,"ix":7},"sk":{"a":0,"k":0,"ix":4},"sa":{"a":0,"k":0,"ix":5},"nm":"Transform"}],"nm":"Shape 1","np":3,"cix":2,"ix":1,"mn":"ADBE Vector Group","hd":false},{"ty":"tm","s":{"a":0,"k":0,"ix":1},"e":{"a":1,"k":[{"i":{"x":[0.833],"y":[0.833]},"o":{"x":[0.333],"y":[0]},"n":["0p833_0p833_0p333_0"],"t":50,"s":[0],"e":[100]},{"t":70.0000028511585}],"ix":2},"o":{"a":0,"k":0,"ix":3},"m":1,"ix":2,"nm":"Trim Paths 1","mn":"ADBE Vector Filter - Trim","hd":false}],"ip":0,"op":90.0000036657751,"st":0,"bm":0},{"ddd":0,"ind":6,"ty":3,"nm":"line02","sr":1,"ks":{"o":{"a":0,"k":100,"ix":11},"r":{"a":0,"k":0,"ix":10},"p":{"a":0,"k":[621,1104,0],"ix":2},"a":{"a":0,"k":[0,0,0],"ix":1},"s":{"a":0,"k":[100,100,100],"ix":6}},"ao":0,"ip":0,"op":90.0000036657751,"st":0,"bm":0},{"ddd":0,"ind":7,"ty":4,"nm":"line01","sr":1,"ks":{"o":{"a":0,"k":100,"ix":11},"r":{"a":0,"k":0,"ix":10},"p":{"a":0,"k":[621,1104,0],"ix":2},"a":{"a":0,"k":[0,0,0],"ix":1},"s":{"a":0,"k":[100,100,100],"ix":6}},"ao":0,"shapes":[{"ty":"gr","it":[{"ind":0,"ty":"sh","ix":1,"ks":{"a":0,"k":{"i":[[0,0],[-198,34],[0,0]],"o":[[0,0],[198,-34],[0,0]],"v":[[-428,956],[-173,769],[134,867]],"c":false},"ix":2},"nm":"Path 1","mn":"ADBE Vector Shape - Group","hd":false},{"ty":"st","c":{"a":0,"k":[1,1,1,1],"ix":3},"o":{"a":0,"k":100,"ix":4},"w":{"a":0,"k":13,"ix":5},"lc":1,"lj":1,"ml":4,"ml2":{"a":0,"k":4,"ix":8},"nm":"Stroke 1","mn":"ADBE Vector Graphic - Stroke","hd":false},{"ty":"fl","c":{"a":0,"k":[0.211765005074,0.427451010311,0.701960963829,1],"ix":4},"o":{"a":0,"k":0,"ix":5},"r":1,"nm":"Fill 1","mn":"ADBE Vector Graphic - Fill","hd":false},{"ty":"tr","p":{"a":0,"k":[0,0],"ix":2},"a":{"a":0,"k":[0,0],"ix":1},"s":{"a":0,"k":[100,100],"ix":3},"r":{"a":0,"k":0,"ix":6},"o":{"a":0,"k":100,"ix":7},"sk":{"a":0,"k":0,"ix":4},"sa":{"a":0,"k":0,"ix":5},"nm":"Transform"}],"nm":"Shape 1","np":3,"cix":2,"ix":1,"mn":"ADBE Vector Group","hd":false},{"ty":"tm","s":{"a":0,"k":0,"ix":1},"e":{"a":1,"k":[{"i":{"x":[0.833],"y":[0.833]},"o":{"x":[0.333],"y":[0]},"n":["0p833_0p833_0p333_0"],"t":30,"s":[0],"e":[100]},{"t":50.0000020365418}],"ix":2},"o":{"a":0,"k":0,"ix":3},"m":1,"ix":2,"nm":"Trim Paths 1","mn":"ADBE Vector Filter - Trim","hd":false}],"ip":0,"op":90.0000036657751,"st":0,"bm":0},{"ddd":0,"ind":10,"ty":4,"nm":"shadow02","parent":6,"sr":1,"ks":{"o":{"a":0,"k":100,"ix":11},"r":{"a":0,"k":0,"ix":10},"p":{"a":0,"k":[0,0,0],"ix":2},"a":{"a":0,"k":[0,0,0],"ix":1},"s":{"a":0,"k":[100,100,100],"ix":6}},"ao":0,"shapes":[{"ty":"gr","it":[{"ind":0,"ty":"sh","ix":1,"ks":{"a":0,"k":{"i":[[0,0],[0,0]],"o":[[0,0],[0,0]],"v":[[136,870],[373,983]],"c":false},"ix":2},"nm":"Path 1","mn":"ADBE Vector Shape - Group","hd":false},{"ty":"st","c":{"a":0,"k":[0.65098041296,0.165936172009,0.201427221298,1],"ix":3},"o":{"a":0,"k":50,"ix":4},"w":{"a":0,"k":15,"ix":5},"lc":1,"lj":1,"ml":4,"ml2":{"a":0,"k":4,"ix":8},"nm":"Stroke 1","mn":"ADBE Vector Graphic - Stroke","hd":false},{"ty":"fl","c":{"a":0,"k":[1,0,0,1],"ix":4},"o":{"a":0,"k":0,"ix":5},"r":1,"nm":"Fill 1","mn":"ADBE Vector Graphic - Fill","hd":false},{"ty":"tr","p":{"a":0,"k":[0,0],"ix":2},"a":{"a":0,"k":[0,0],"ix":1},"s":{"a":0,"k":[100,100],"ix":3},"r":{"a":0,"k":0,"ix":6},"o":{"a":0,"k":100,"ix":7},"sk":{"a":0,"k":0,"ix":4},"sa":{"a":0,"k":0,"ix":5},"nm":"Transform"}],"nm":"Shape 2","np":3,"cix":2,"ix":1,"mn":"ADBE Vector Group","hd":false},{"ty":"tm","s":{"a":0,"k":0,"ix":1},"e":{"a":1,"k":[{"i":{"x":[0.833],"y":[0.833]},"o":{"x":[0.167],"y":[0.167]},"n":["0p833_0p833_0p167_0p167"],"t":50,"s":[0],"e":[100]},{"t":70.0000028511585}],"ix":2},"o":{"a":0,"k":0,"ix":3},"m":1,"ix":2,"nm":"Trim Paths 1","mn":"ADBE Vector Filter - Trim","hd":false}],"ip":0,"op":90.0000036657751,"st":0,"bm":0},{"ddd":0,"ind":11,"ty":4,"nm":"shadow01","parent":7,"sr":1,"ks":{"o":{"a":0,"k":100,"ix":11},"r":{"a":0,"k":0,"ix":10},"p":{"a":0,"k":[0,0,0],"ix":2},"a":{"a":0,"k":[0,0,0],"ix":1},"s":{"a":0,"k":[100,100,100],"ix":6}},"ao":0,"shapes":[{"ty":"gr","it":[{"ind":0,"ty":"sh","ix":1,"ks":{"a":0,"k":{"i":[[0,0],[0,0]],"o":[[0,0],[0,0]],"v":[[-427,954],[135,870]],"c":false},"ix":2},"nm":"Path 1","mn":"ADBE Vector Shape - Group","hd":false},{"ty":"st","c":{"a":0,"k":[0.65098041296,0.164705887437,0.20000000298,1],"ix":3},"o":{"a":0,"k":50,"ix":4},"w":{"a":0,"k":15,"ix":5},"lc":1,"lj":1,"ml":4,"ml2":{"a":0,"k":4,"ix":8},"nm":"Stroke 1","mn":"ADBE Vector Graphic - Stroke","hd":false},{"ty":"fl","c":{"a":0,"k":[1,0,0,1],"ix":4},"o":{"a":0,"k":0,"ix":5},"r":1,"nm":"Fill 1","mn":"ADBE Vector Graphic - Fill","hd":false},{"ty":"tr","p":{"a":0,"k":[0,0],"ix":2},"a":{"a":0,"k":[0,0],"ix":1},"s":{"a":0,"k":[100,100],"ix":3},"r":{"a":0,"k":0,"ix":6},"o":{"a":0,"k":100,"ix":7},"sk":{"a":0,"k":0,"ix":4},"sa":{"a":0,"k":0,"ix":5},"nm":"Transform"}],"nm":"Shape 1","np":3,"cix":2,"ix":1,"mn":"ADBE Vector Group","hd":false},{"ty":"tm","s":{"a":0,"k":0,"ix":1},"e":{"a":1,"k":[{"i":{"x":[0.833],"y":[0.833]},"o":{"x":[0.167],"y":[0.167]},"n":["0p833_0p833_0p167_0p167"],"t":30,"s":[0],"e":[100]},{"t":50.0000020365418}],"ix":2},"o":{"a":0,"k":0,"ix":3},"m":1,"ix":2,"nm":"Trim Paths 1","mn":"ADBE Vector Filter - Trim","hd":false}],"ip":0,"op":90.0000036657751,"st":0,"bm":0},{"ddd":0,"ind":12,"ty":2,"nm":"bg","refId":"image_8","sr":1,"ks":{"o":{"a":0,"k":100,"ix":11},"r":{"a":0,"k":0,"ix":10},"p":{"a":0,"k":[621.076,1109.828,0],"ix":2},"a":{"a":0,"k":[653.524,1110.078,0],"ix":1},"s":{"a":0,"k":[100,100,100],"ix":6}},"ao":0,"ip":0,"op":90.0000036657751,"st":0,"bm":0}]}],"layers":[{"ddd":0,"ind":1,"ty":4,"nm":"Shape Layer 2","sr":1,"ks":{"o":{"a":0,"k":100,"ix":11},"r":{"a":0,"k":0,"ix":10},"p":{"a":0,"k":[621,1104,0],"ix":2},"a":{"a":0,"k":[0,0,0],"ix":1},"s":{"a":0,"k":[100,100,100],"ix":6}},"ao":0,"shapes":[{"ty":"gr","it":[{"ty":"st","c":{"a":0,"k":[1,1,1,1],"ix":3},"o":{"a":0,"k":100,"ix":4},"w":{"a":0,"k":2,"ix":5},"lc":1,"lj":1,"ml":4,"ml2":{"a":0,"k":4,"ix":8},"nm":"Stroke 1","mn":"ADBE Vector Graphic - Stroke","hd":true},{"ty":"fl","c":{"a":0,"k":[0.211765005074,0.427451010311,0.701960963829,1],"ix":4},"o":{"a":0,"k":100,"ix":5},"r":1,"nm":"Fill 1","mn":"ADBE Vector Graphic - Fill","hd":false},{"ty":"tr","p":{"a":0,"k":[5,532],"ix":2},"a":{"a":0,"k":[0,0],"ix":1},"s":{"a":0,"k":[100,100],"ix":3},"r":{"a":0,"k":0,"ix":6},"o":{"a":0,"k":100,"ix":7},"sk":{"a":0,"k":0,"ix":4},"sa":{"a":0,"k":0,"ix":5},"nm":"Transform"}],"nm":"Rectangle 1","np":2,"cix":2,"ix":1,"mn":"ADBE Vector Group","hd":false}],"ip":6.00000024438501,"op":96.0000039101601,"st":6.00000024438501,"bm":0},{"ddd":0,"ind":2,"ty":2,"nm":"7/24_ic_ae.ai","cl":"ai","refId":"image_0","sr":1,"ks":{"o":{"a":0,"k":100,"ix":11},"r":{"a":0,"k":0,"ix":10},"p":{"a":0,"k":[821,1048,0],"ix":2},"a":{"a":0,"k":[87,107,0],"ix":1},"s":{"a":1,"k":[{"i":{"x":[0.565,0.565,0.667],"y":[0.172,0.172,1]},"o":{"x":[0.167,0.167,0.167],"y":[0.167,0.167,16.429]},"n":["0p565_0p172_0p167_0p167","0p565_0p172_0p167_0p167","0p667_1_0p167_16p429"],"t":46,"s":[0,0,100],"e":[69.132,69.132,100]},{"i":{"x":[0.752,0.752,0.667],"y":[0.954,0.954,1]},"o":{"x":[0.466,0.466,0.333],"y":[-0.288,-0.288,0]},"n":["0p752_0p954_0p466_-0p288","0p752_0p954_0p466_-0p288","0p667_1_0p333_0"],"t":53,"s":[69.132,69.132,100],"e":[58.132,58.132,100]},{"i":{"x":[0.752,0.752,0.667],"y":[1,1,1]},"o":{"x":[0.167,0.167,0.167],"y":[3.115,3.115,0]},"n":["0p752_1_0p167_3p115","0p752_1_0p167_3p115","0p667_1_0p167_0"],"t":55,"s":[58.132,58.132,100],"e":[58.132,58.132,100]},{"t":57.0000023216576}],"ix":6}},"ao":0,"ip":31.0000012626559,"op":96.0000039101601,"st":39.0000015885026,"bm":0},{"ddd":0,"ind":3,"ty":2,"nm":"pin/24_ic_ae.ai","cl":"ai","refId":"image_1","sr":1,"ks":{"o":{"a":0,"k":100,"ix":11},"r":{"a":0,"k":0,"ix":10},"p":{"a":0,"k":[817,1064,0],"ix":2},"a":{"a":0,"k":[160,241,0],"ix":1},"s":{"a":1,"k":[{"i":{"x":[0.833,0.833,0.833],"y":[0.833,0.833,0.833]},"o":{"x":[0.167,0.167,0.167],"y":[0.167,0.167,0.167]},"n":["0p833_0p833_0p167_0p167","0p833_0p833_0p167_0p167","0p833_0p833_0p167_0p167"],"t":31,"s":[0,0,100],"e":[-1.186,-1.186,100]},{"i":{"x":[0.565,0.565,0.667],"y":[1,1,1]},"o":{"x":[0.167,0.167,0.167],"y":[0.167,0.167,0]},"n":["0p565_1_0p167_0p167","0p565_1_0p167_0p167","0p667_1_0p167_0"],"t":46,"s":[-1.186,-1.186,100],"e":[69.132,69.132,100]},{"i":{"x":[0.752,0.752,0.667],"y":[1,1,1]},"o":{"x":[0.466,0.466,0.333],"y":[0,0,0]},"n":["0p752_1_0p466_0","0p752_1_0p466_0","0p667_1_0p333_0"],"t":53,"s":[69.132,69.132,100],"e":[58.132,58.132,100]},{"i":{"x":[0.627,0.627,0.667],"y":[1,1,1]},"o":{"x":[0.167,0.167,0.167],"y":[0,0,0]},"n":["0p627_1_0p167_0","0p627_1_0p167_0","0p667_1_0p167_0"],"t":55,"s":[58.132,58.132,100],"e":[61.132,61.132,100]},{"i":{"x":[0.752,0.752,0.667],"y":[1,1,1]},"o":{"x":[0.466,0.466,0.333],"y":[0,0,0]},"n":["0p752_1_0p466_0","0p752_1_0p466_0","0p667_1_0p333_0"],"t":56,"s":[61.132,61.132,100],"e":[58.132,58.132,100]},{"t":57.0000023216576}],"ix":6}},"ao":0,"ip":31.0000012626559,"op":96.0000039101601,"st":39.0000015885026,"bm":0},{"ddd":0,"ind":4,"ty":2,"nm":"delivery/24_ic_ae.ai","cl":"ai","refId":"image_2","sr":1,"ks":{"o":{"a":0,"k":100,"ix":11},"r":{"a":0,"k":0,"ix":10},"p":{"a":1,"k":[{"i":{"x":0.667,"y":1},"o":{"x":0.333,"y":0},"n":"0p667_1_0p333_0","t":31,"s":[-153.848,1190.5,0],"e":[508.153,1190.5,0],"to":[106.247123718262,0,0],"ti":[-135.968948364258,0,0]},{"i":{"x":0.525,"y":0.886},"o":{"x":0.333,"y":0},"n":"0p525_0p886_0p333_0","t":40,"s":[508.153,1190.5,0],"e":[529.703,1190.5,0],"to":[7.00988626480103,0,0],"ti":[-4.64215660095215,0,0]},{"i":{"x":0.672,"y":0.701},"o":{"x":0.331,"y":0.087},"n":"0p672_0p701_0p331_0p087","t":44,"s":[529.703,1190.5,0],"e":[519.862,1190.5,0],"to":[0.07194975018501,0,0],"ti":[3.41371726989746,0,0]},{"i":{"x":0.705,"y":1},"o":{"x":0.361,"y":0.956},"n":"0p705_1_0p361_0p956","t":46,"s":[519.862,1190.5,0],"e":[516.5,1190.5,0],"to":[-3.25934648513794,0,0],"ti":[-0.07867526262999,0,0]},{"t":48.0000019550801}],"ix":2},"a":{"a":0,"k":[186.5,42.5,0],"ix":1},"s":{"a":0,"k":[58.132,58.132,100],"ix":6}},"ao":0,"ip":31.0000012626559,"op":96.0000039101601,"st":4.00000016292334,"bm":0},{"ddd":0,"ind":5,"ty":2,"nm":"24_comp/24_ic_ae.ai","cl":"ai","refId":"image_3","sr":1,"ks":{"o":{"a":0,"k":100,"ix":11},"r":{"a":0,"k":0,"ix":10},"p":{"a":0,"k":[595,1064,0],"ix":2},"a":{"a":0,"k":[328,237.5,0],"ix":1},"s":{"a":1,"k":[{"i":{"x":[0.565,0.565,0.667],"y":[1,1,1]},"o":{"x":[0.167,0.167,0.167],"y":[0.167,0.167,16.667]},"n":["0p565_1_0p167_0p167","0p565_1_0p167_0p167","0p667_1_0p167_16p667"],"t":6,"s":[0,0,100],"e":[69.132,69.132,100]},{"i":{"x":[0.752,0.752,0.667],"y":[1,1,1]},"o":{"x":[0.466,0.466,0.333],"y":[0,0,0]},"n":["0p752_1_0p466_0","0p752_1_0p466_0","0p667_1_0p333_0"],"t":13,"s":[69.132,69.132,100],"e":[58.132,58.132,100]},{"i":{"x":[0.627,0.627,0.667],"y":[1,1,1]},"o":{"x":[0.167,0.167,0.167],"y":[0,0,0]},"n":["0p627_1_0p167_0","0p627_1_0p167_0","0p667_1_0p167_0"],"t":15,"s":[58.132,58.132,100],"e":[61.132,61.132,100]},{"i":{"x":[0.752,0.752,0.667],"y":[1,1,1]},"o":{"x":[0.466,0.466,0.333],"y":[0,0,0]},"n":["0p752_1_0p466_0","0p752_1_0p466_0","0p667_1_0p333_0"],"t":16,"s":[61.132,61.132,100],"e":[58.132,58.132,100]},{"t":17.0000006924242}],"ix":6}},"ao":0,"hasMask":true,"masksProperties":[{"inv":false,"mode":"a","pt":{"a":1,"k":[{"i":{"x":0.833,"y":0.833},"o":{"x":0.333,"y":0},"n":"0p833_0p833_0p333_0","t":18,"s":[{"i":[[0,0],[0,0],[0,0],[0,0]],"o":[[0,0],[0,0],[0,0],[0,0]],"v":[[870.867,361.358],[82.921,-326.737],[-375.187,278.787],[594.757,746.693]],"c":true}],"e":[{"i":[[0,0],[0,0],[0,0],[0,0]],"o":[[0,0],[0,0],[0,0],[0,0]],"v":[[1379.386,-209.761],[591.44,-897.855],[133.332,-292.332],[1103.276,175.575]],"c":true}]},{"t":50.0000020365418}],"ix":1},"o":{"a":0,"k":100,"ix":3},"x":{"a":0,"k":0,"ix":4},"nm":"Mask 1"}],"ip":6.00000024438501,"op":96.0000039101601,"st":-6.00000024438501,"bm":0},{"ddd":0,"ind":6,"ty":2,"nm":"24_line/24_ic_ae.ai","cl":"ai","refId":"image_4","sr":1,"ks":{"o":{"a":0,"k":100,"ix":11},"r":{"a":0,"k":0,"ix":10},"p":{"a":0,"k":[595,1062.5,0],"ix":2},"a":{"a":0,"k":[328,240.5,0],"ix":1},"s":{"a":0,"k":[58.132,58.132,100],"ix":6}},"ao":0,"hasMask":true,"masksProperties":[{"inv":true,"mode":"a","pt":{"a":1,"k":[{"i":{"x":0.833,"y":0.833},"o":{"x":0.333,"y":0},"n":"0p833_0p833_0p333_0","t":18,"s":[{"i":[[0,0],[0,0],[0,0],[0,0]],"o":[[0,0],[0,0],[0,0],[0,0]],"v":[[870.867,364.358],[82.921,-323.737],[-375.187,281.786],[594.757,749.693]],"c":true}],"e":[{"i":[[0,0],[0,0],[0,0],[0,0]],"o":[[0,0],[0,0],[0,0],[0,0]],"v":[[1379.386,-206.761],[591.44,-894.855],[133.332,-289.332],[1103.276,178.575]],"c":true}]},{"t":50.0000020365418}],"ix":1},"o":{"a":0,"k":100,"ix":3},"x":{"a":0,"k":0,"ix":4},"nm":"Mask 1"}],"ip":6.00000024438501,"op":96.0000039101601,"st":-10.0000004073083,"bm":0},{"ddd":0,"ind":7,"ty":0,"nm":"bg","refId":"comp_0","sr":1,"ks":{"o":{"a":0,"k":100,"ix":11},"r":{"a":0,"k":0,"ix":10},"p":{"a":0,"k":[621,1104,0],"ix":2},"a":{"a":0,"k":[621,1104,0],"ix":1},"s":{"a":0,"k":[100,100,100],"ix":6}},"ao":0,"w":1242,"h":2208,"ip":0,"op":90.0000036657751,"st":0,"bm":0}],"markers":[]}